"first_name","last_name","ssn","birthday","city","work","address"
"آیلین","احمدی","76465777888","1997-09-23","دهستان طاها","پتروشيمي اروند"
"یوسف","خسروجردی","48070356279","2002-02-18","شرق مائده","گمرک"
"نازنین","جلیلی","77888219035","2004-05-12","شهر علی اصغر","بندر"
"حسام","یزدی","22824903205","1984-03-04","روستای آرين","گروه خودروسازی"
"سارا","منصوری","90208511396","1972-04-01","روستای اميرمهدي","آریا بارون توس"
"علی اكبر","ظفری","55059926183","1996-07-05","شهر آرتين","آرد زر"
"ماهان","اشرفی","90792622874","1993-07-27","شمال معصومه","سرمايه گذاري صندوق بازنشستگي كشوري"
"سبحان","شاکری","97224291214","2002-11-09","شرق فاطمه زهرا","پتروشیمی داراب"
"اسما","کریمی","65688604472","1987-12-26","روستای محمدپارسا","بندر"
"علی رضا","مجتبوی","82526933183","1972-09-05","غرب فاطمه","واحد پیربکران"
"عرفان","ایروانی","11825927551","1979-11-02","شرق فاطمه","ريسندگي و بافندگي ري"
"امیررضا","وثاق","33553765741","2001-04-03","غرب سبحان","گسترش صنايع وخدمات"
"امیرمهدی","دایی","30422525320","2003-04-06","استان دانیال","آریا رزین"
"محدثه","گلپایگانی","49737196131","1982-08-03","شمال حسام","گمرک"
"نیایش","هومن","72309449583","1992-08-24","جنوب محمدپارسا","ندای رهاوی"
"بنیامین","صنایعی","65024499608","1983-05-02","استان آوا","فولاد افزا سپاهان"
"رضا","بهمنی","57074933189","2018-08-16","روستای محمدجواد","ایران ارقام"
"كیان","اشرفی","60998193625","2019-04-16","بندر نرگس","قند هكمتان"
"النا","ربانی","36763226184","2016-08-22","غرب آوا","موتوژن"
"سوگند","نوبختی","58814184889","1983-01-27","غرب هستي","فراورده هاي تزريقي ايران"
"مهدیس","روحانی","40119347287","1993-10-10","شمال الناز","پتروشیمی مارون"
"امیرحسین","لاچینی","27829673848","2015-03-29","روستای آوا","صندوق بیمه سرمایه گذاری فعالیت های معدنی"
"يوسف","شمشیری","87118262521","1997-11-24","دهستان اسرا","گمرک"
"عرفان","صیادی","84320556439","2007-06-21","استان حسنا","فراورده هاي تزريقي ايران"
"بهار","صنایعی","19952263664","1991-08-11","شهرستان عرفان","سرمایه گذاری دانایان پارس"
"آرش","جلالی","92637325775","2016-11-23","شمال علی رضا","سایپا دیزل"
"كوثر","گلپایگانی","71477117859","1997-10-18","استان طاها","تسهیل ماشین صنعت"
"اسرا","علیجانی","39778750260","1980-11-24","شهرستان محدثه","تولیدی آرد البرز"
"محمدحسین","میردامادی","30937646422","1991-07-12","شمال کوثر","گروه وسايل اندازه گيري، پزشكي و اپتيكي"
"محدثه","عزیزی","55789494292","2002-05-02","جنوب هلیا","روغنکشی خرمشهر"
"مهدیه","خسروجردی","69568323150","2015-06-25","دهستان فاطمياسارينا","سيمان مازندران"
"يسنا","صارمی","92132521081","1980-05-24","جنوب فاطمه","گروه صنعتي ناب"
"مهدی","تهرانی","47674564865","2014-08-14","جنوب امیر علی","گمرک"
"پرهام","ایروانی","75670892400","1973-09-11","شمال سجاد","نیروسازاراک‎"
"زینب","هاشمی","81041355243","1980-03-13","شهر کيان","گسترش سرمايه گذاري ايران خودرو"
"محمدجواد","همدانی","15292535857","1991-06-02","شهرستان مبینا","صنعتی صبوران پلیمر"
"مبينا","جلالی","46730468386","2006-04-29","روستای حنانه","صنایع موکت همدان"
"كیان","جنتی","90857258083","1992-09-16","شهر مريم","بانك اقتصاد نوين"
"محيا","اشتری","61082455547","1989-06-16","بندر سارا","داروسازي روزدارو"
"محمدجواد","لاهوتی","90766043717","1985-12-10","استان كوثر","پتروشیمی ممسنی"
"بهار","مهدیان","93395191107","2010-06-13","استان باران","قند ثابت خراسان"
"نیایش","سرخوشیان","15003722057","2009-09-06","باغات پرهام","بين المللي توسعه ساختمان"
"مهسا","جهانی","19769920845","1996-12-28","شهرستان بنيامين","بندر"
"سبحان","میردامادی","85113697370","1989-08-20","شرق كوثر","شیمیایی بهداش"
"حنانه","منصوری","10318184959","2008-06-09","غرب محدثه","قند قهستان"
"سبحان","بهمنی","74538292115","2016-04-22","شهر دانیال","صنعتي مهر آباد"
"علی اصغر","نامور","77132792314","1982-03-15","استان ایلیا","کاشی تکسرام"
"هانيه","اکبر پور","81729767675","2019-11-14","استان اميرمهدي","حمل و نقل بین المللی خلیج فارس"
"بنیامین","پارسا","75899312417","2000-02-01","شرق عرفان","حمل و نقل آشنا راه سماء"
"اسرا","صارمی","40379122367","2006-06-16","شهرستان یلدا","یسکو"
"یاسمین","رستمی","42167291116","1973-09-15","بندر محمدجواد","ایرانسل"
"الناز","مهدیان","88999167612","1986-04-20","غرب معصومه","پالایش قطران ذغالسنگ اصفهان"
"آرمین","رودگر","31744245149","1994-06-22","دهستان حنانه","مديريت توسعه صنايع پتروشيمي"
"محمدامین","نیلوفری","93325550487","1983-03-30","شمال محمد","تولید فرآورده های لبنی کاله"
"اسرا","رفیعی","33446405930","1977-09-19","جنوب ستایش","موسسه پویندگان توسعه پارس"
"رضا","سلطانی","56564771843","1975-09-20","روستای مریم","همکاران سیستم مازندران"
"ریحانه","هدایت","33471662463","1989-05-27","شهرستان مهديس","داروسازي حكيم"
"آرين","حسنی","89099625554","1992-05-17","روستای محمدیاسین","پتروشيمي آبادان"
"آیلین","گلپایگانی","51481148599","2008-10-03","شمال سوگند","زمزم گرگان"
"ساميار","احمدی","86491215045","1990-02-27","استان آیلین","کارت اعتباری ایران کیش"
"آرش","عباسی","68457066061","2007-04-20","غرب مبين","بازرسي مهندسي و صنعتي ايران"
"مائده","پویان","19081257821","1983-11-29","جنوب بهار","سنگاب همدان"
"اسما","سماوات","75311164356","1970-03-07","باغات كوثر","نورد و لوله صفا"
"آیناز","محمدی","50534322010","2002-09-14","شهرستان دانیال","جابون"
"طاها","چنگیزی","69448536714","2014-08-19","شمال اميرمهدي","موننکو ایران"
"مهدیه","زمانی","31937916488","1991-08-17","باغات آرمین","سرمايه گذاري انديشه محوران"
"رقيه","زمانی","42043377667","1988-03-20","باغات آیدا","حمل و نقل خدمات دریایی آبادان"
"فاطمه","محمد پور","67320326336","1992-09-21","دهستان باران","بندر"
"محدثه","حسنی","76468328120","2005-01-21","غرب ثنا","گروه صنعتي سپاهان"
"سينا","ولاشجردی","16867894969","1972-04-09","غرب بهار","تامین قطعات و تجهیزات سرو نیرو شیراز"
"فاطمه","شادروان","46091309461","2009-03-04","غرب زینب","قند شيروان قوچان وبجنورد"
"هلیا","عباسی","89501156330","2006-05-15","شرق معصومه","آلومتك"
"بنیامین","میردامادی","36191272611","1997-05-02","شهر الينا","کاشی فیروزه مشهد"
"امیررضا","سماوات","86778582069","1992-05-02","شهر محمدياسين","صنعتی کشاورزی شیرین خراسان"
"امیرحسین","لاهوتی","67245716854","1974-05-06","شهرستان رقیه","نفت پارس"
"آتنا","نعمتی","64675292699","1995-05-22","روستای دانيال","لیزینگ اقتصاد نوین"
"فاطمه","ملکیان","18536238376","1991-12-05","شهر مبینا","پتروشیمی بیستون"
"محمدعلي","جعفر پور","70232533224","2011-09-15","شهر دانیال","گمرک"
"امیرمحمد","ملکیان","80309559746","1976-03-09","شرق ثنا","قند نقش جهان"
"النا","اشرفی","22319008932","1995-08-07","جنوب سبحان","جام جهان نما"
"رضا","نوری","69191273419","1978-03-27","استان سجاد","قاچاقچی"
"مهدیس","هومن","36405577647","2000-05-01","شهرستان محمدپارسا","بندر"
"هلیا","سمسار","45892798683","2003-11-11","غرب یوسف","گسترش صنايع و خدمات کشاورزي"
"آرش","احمدی","97321613111","1976-12-30","باغات محمدپارسا","گمرک"
"متین","کریمی","68243571508","1982-09-04","بندر علیرضا","صنایع شیر ایران (پگاه)"
"مبینا","هاشمی","87179915573","1981-02-03","استان نازنين","قند اصفهان"
"محمدحسین","لاهوتی","19652613981","1984-02-27","شهر سبحان","قاچاقچی"
"علي","عبدالمالکی","81479111671","2002-02-22","دهستان عرشیا","گروه صنایع غذایی"
"نرگس","منصوری","95975015130","1995-06-09","شمال اميررضا","مرغ اجداد زربال"
"سارینا","مهدیان","62682190910","2005-08-19","جنوب آیلین","هلدینگ دامپروری شیروگوشت پارس"
"رقیه","وثاق","31190689286","1993-07-11","شرق محمدامين","کشت وصنعت پیوند هراز"
"آراد","ربانی","46519294740","1993-12-09","روستای محمدجواد","نورد و لوله صفا"
"عباس","الوندی","99015504057","1985-03-29","شرق بنيامين","سرمايه گذاري توسعه معادن و فلزات"
"مهديس","عبدالمالکی","59095165555","1974-11-09","دهستان حنانه","توسعه صنايع بهشهر – هلدينگ"
"آريا","تهرانی","87474057898","1994-01-12","شهر علي","ارج"
"دانیال","محجوب","10969146971","2001-05-01","شهر امیرمحمد","لامیران – تیغ ایران"
"آيلين","هوشیار","82410881555","1974-08-12","روستای نازنین","قاچاقچی"
"یگانه","هنری","51352605215","1994-02-04","شهرستان محيا","گروه قند و شکر"
"آریا","رستمی","21840356076","1992-12-26","شهر هانیه","گروه مبلمان و مصنوعات ديگر"
"ساميار","نوروزی","51074823863","1978-02-20","استان پرهام","قاچاقچی"
